DATAFLOW,LAST UPDATE,freq,unit,age,sex,geo,TIME_PERIOD,OBS_VALUE,OBS_FLAG,CONF_STATUS
ESTAT:ILC_PEPS01N(1.0),28/02/25 23:00:00,Annual,Percentage,Total,Females,Albania,2017,60.3,,
ESTAT:ILC_PEPS01N(1.0),28/02/25 23:00:00,Annual,Percentage,Total,Females,Albania,2018,55.7,,
ESTAT:ILC_PEPS01N(1.0),28/02/25 23:00:00,Annual,Percentage,Total,Females,Albania,2019,52.8,,
ESTAT:ILC_PEPS01N(1.0),28/02/25 23:00:00,Annual,Percentage,Total,Females,Albania,2020,48.1,,
ESTAT:ILC_PEPS01N(1.0),28/02/25 23:00:00,Annual,Percentage,Total,Females,Albania,2021,48.7,,
ESTAT:ILC_PEPS01N(1.0),28/02/25 23:00:00,Annual,Percentage,Total,Females,Austria,2015,17.4,,
ESTAT:ILC_PEPS01N(1.0),28/02/25 23:00:00,Annual,Percentage,Total,Females,Austria,2016,18.1,,
ESTAT:ILC_PEPS01N(1.0),28/02/25 23:00:00,Annual,Percentage,Total,Females,Austria,2017,18.3,,
ESTAT:ILC_PEPS01N(1.0),28/02/25 23:00:00,Annual,Percentage,Total,Females,Austria,2018,17.7,,
ESTAT:ILC_PEPS01N(1.0),28/02/25 23:00:00,Annual,Percentage,Total,Females,Austria,2019,17.6,,
ESTAT:ILC_PEPS01N(1.0),28/02/25 23:00:00,Annual,Percentage,Total,Females,Austria,2020,17.1,,
ESTAT:ILC_PEPS01N(1.0),28/02/25 23:00:00,Annual,Percentage,Total,Females,Austria,2021,18.1,,
ESTAT:ILC_PEPS01N(1.0),28/02/25 23:00:00,Annual,Percentage,Total,Females,Austria,2022,18.2,,
ESTAT:ILC_PEPS01N(1.0),28/02/25 23:00:00,Annual,Percentage,Total,Females,Austria,2023,18.7,,
ESTAT:ILC_PEPS01N(1.0),28/02/25 23:00:00,Annual,Percentage,Total,Females,Belgium,2015,22.8,,
ESTAT:ILC_PEPS01N(1.0),28/02/25 23:00:00,Annual,Percentage,Total,Females,Belgium,2016,24.1,,
ESTAT:ILC_PEPS01N(1.0),28/02/25 23:00:00,Annual,Percentage,Total,Females,Belgium,2017,23.7,,
ESTAT:ILC_PEPS01N(1.0),28/02/25 23:00:00,Annual,Percentage,Total,Females,Belgium,2018,21.7,,
ESTAT:ILC_PEPS01N(1.0),28/02/25 23:00:00,Annual,Percentage,Total,Females,Belgium,2019,20.6,b,
ESTAT:ILC_PEPS01N(1.0),28/02/25 23:00:00,Annual,Percentage,Total,Females,Belgium,2020,20.9,,
ESTAT:ILC_PEPS01N(1.0),28/02/25 23:00:00,Annual,Percentage,Total,Females,Belgium,2021,19.4,,
ESTAT:ILC_PEPS01N(1.0),28/02/25 23:00:00,Annual,Percentage,Total,Females,Belgium,2022,19.3,,
ESTAT:ILC_PEPS01N(1.0),28/02/25 23:00:00,Annual,Percentage,Total,Females,Belgium,2023,19.2,,
ESTAT:ILC_PEPS01N(1.0),28/02/25 23:00:00,Annual,Percentage,Total,Females,Belgium,2024,18.9,,
ESTAT:ILC_PEPS01N(1.0),28/02/25 23:00:00,Annual,Percentage,Total,Females,Bulgaria,2015,45.6,,
ESTAT:ILC_PEPS01N(1.0),28/02/25 23:00:00,Annual,Percentage,Total,Females,Bulgaria,2016,43.2,b,
ESTAT:ILC_PEPS01N(1.0),28/02/25 23:00:00,Annual,Percentage,Total,Females,Bulgaria,2017,40.4,,
ESTAT:ILC_PEPS01N(1.0),28/02/25 23:00:00,Annual,Percentage,Total,Females,Bulgaria,2018,35.5,,
ESTAT:ILC_PEPS01N(1.0),28/02/25 23:00:00,Annual,Percentage,Total,Females,Bulgaria,2019,35.3,,
ESTAT:ILC_PEPS01N(1.0),28/02/25 23:00:00,Annual,Percentage,Total,Females,Bulgaria,2020,35.8,,
ESTAT:ILC_PEPS01N(1.0),28/02/25 23:00:00,Annual,Percentage,Total,Females,Bulgaria,2021,33.9,,
ESTAT:ILC_PEPS01N(1.0),28/02/25 23:00:00,Annual,Percentage,Total,Females,Bulgaria,2022,34.8,,
ESTAT:ILC_PEPS01N(1.0),28/02/25 23:00:00,Annual,Percentage,Total,Females,Bulgaria,2023,31.6,,
ESTAT:ILC_PEPS01N(1.0),28/02/25 23:00:00,Annual,Percentage,Total,Females,Bulgaria,2024,31.6,,
ESTAT:ILC_PEPS01N(1.0),28/02/25 23:00:00,Annual,Percentage,Total,Females,Switzerland,2015,19.8,,
ESTAT:ILC_PEPS01N(1.0),28/02/25 23:00:00,Annual,Percentage,Total,Females,Switzerland,2016,19.2,,
ESTAT:ILC_PEPS01N(1.0),28/02/25 23:00:00,Annual,Percentage,Total,Females,Switzerland,2017,19.3,,
ESTAT:ILC_PEPS01N(1.0),28/02/25 23:00:00,Annual,Percentage,Total,Females,Switzerland,2018,18.4,,
ESTAT:ILC_PEPS01N(1.0),28/02/25 23:00:00,Annual,Percentage,Total,Females,Switzerland,2019,19.9,,
ESTAT:ILC_PEPS01N(1.0),28/02/25 23:00:00,Annual,Percentage,Total,Females,Switzerland,2020,19.2,,
ESTAT:ILC_PEPS01N(1.0),28/02/25 23:00:00,Annual,Percentage,Total,Females,Switzerland,2021,18.8,,
ESTAT:ILC_PEPS01N(1.0),28/02/25 23:00:00,Annual,Percentage,Total,Females,Switzerland,2022,19.4,,
ESTAT:ILC_PEPS01N(1.0),28/02/25 23:00:00,Annual,Percentage,Total,Females,Switzerland,2023,20.3,,
ESTAT:ILC_PEPS01N(1.0),28/02/25 23:00:00,Annual,Percentage,Total,Females,Cyprus,2015,24.0,,
ESTAT:ILC_PEPS01N(1.0),28/02/25 23:00:00,Annual,Percentage,Total,Females,Cyprus,2016,23.7,,
ESTAT:ILC_PEPS01N(1.0),28/02/25 23:00:00,Annual,Percentage,Total,Females,Cyprus,2017,22.6,,
ESTAT:ILC_PEPS01N(1.0),28/02/25 23:00:00,Annual,Percentage,Total,Females,Cyprus,2018,20.2,,
ESTAT:ILC_PEPS01N(1.0),28/02/25 23:00:00,Annual,Percentage,Total,Females,Cyprus,2019,19.9,,
ESTAT:ILC_PEPS01N(1.0),28/02/25 23:00:00,Annual,Percentage,Total,Females,Cyprus,2020,18.6,,
ESTAT:ILC_PEPS01N(1.0),28/02/25 23:00:00,Annual,Percentage,Total,Females,Cyprus,2021,18.7,,
ESTAT:ILC_PEPS01N(1.0),28/02/25 23:00:00,Annual,Percentage,Total,Females,Cyprus,2022,18.0,,
ESTAT:ILC_PEPS01N(1.0),28/02/25 23:00:00,Annual,Percentage,Total,Females,Cyprus,2023,18.1,,
ESTAT:ILC_PEPS01N(1.0),28/02/25 23:00:00,Annual,Percentage,Total,Females,Czechia,2015,14.3,,
ESTAT:ILC_PEPS01N(1.0),28/02/25 23:00:00,Annual,Percentage,Total,Females,Czechia,2016,13.4,,
ESTAT:ILC_PEPS01N(1.0),28/02/25 23:00:00,Annual,Percentage,Total,Females,Czechia,2017,13.5,,
ESTAT:ILC_PEPS01N(1.0),28/02/25 23:00:00,Annual,Percentage,Total,Females,Czechia,2018,13.7,,
ESTAT:ILC_PEPS01N(1.0),28/02/25 23:00:00,Annual,Percentage,Total,Females,Czechia,2019,14.2,,
ESTAT:ILC_PEPS01N(1.0),28/02/25 23:00:00,Annual,Percentage,Total,Females,Czechia,2020,13.7,,
ESTAT:ILC_PEPS01N(1.0),28/02/25 23:00:00,Annual,Percentage,Total,Females,Czechia,2021,12.1,,
ESTAT:ILC_PEPS01N(1.0),28/02/25 23:00:00,Annual,Percentage,Total,Females,Czechia,2022,13.9,,
ESTAT:ILC_PEPS01N(1.0),28/02/25 23:00:00,Annual,Percentage,Total,Females,Czechia,2023,14.0,,
ESTAT:ILC_PEPS01N(1.0),28/02/25 23:00:00,Annual,Percentage,Total,Females,Germany,2015,21.3,,
ESTAT:ILC_PEPS01N(1.0),28/02/25 23:00:00,Annual,Percentage,Total,Females,Germany,2016,21.3,,
ESTAT:ILC_PEPS01N(1.0),28/02/25 23:00:00,Annual,Percentage,Total,Females,Germany,2017,20.1,,
ESTAT:ILC_PEPS01N(1.0),28/02/25 23:00:00,Annual,Percentage,Total,Females,Germany,2018,19.6,,
ESTAT:ILC_PEPS01N(1.0),28/02/25 23:00:00,Annual,Percentage,Total,Females,Germany,2019,18.4,,
ESTAT:ILC_PEPS01N(1.0),28/02/25 23:00:00,Annual,Percentage,Total,Females,Germany,2020,21.2,b,
ESTAT:ILC_PEPS01N(1.0),28/02/25 23:00:00,Annual,Percentage,Total,Females,Germany,2021,21.7,,
ESTAT:ILC_PEPS01N(1.0),28/02/25 23:00:00,Annual,Percentage,Total,Females,Germany,2022,21.9,,
ESTAT:ILC_PEPS01N(1.0),28/02/25 23:00:00,Annual,Percentage,Total,Females,Germany,2023,22.1,,
ESTAT:ILC_PEPS01N(1.0),28/02/25 23:00:00,Annual,Percentage,Total,Females,Germany,2024,21.8,,
ESTAT:ILC_PEPS01N(1.0),28/02/25 23:00:00,Annual,Percentage,Total,Females,Denmark,2015,19.1,,
ESTAT:ILC_PEPS01N(1.0),28/02/25 23:00:00,Annual,Percentage,Total,Females,Denmark,2016,18.2,,
ESTAT:ILC_PEPS01N(1.0),28/02/25 23:00:00,Annual,Percentage,Total,Females,Denmark,2017,17.4,,
ESTAT:ILC_PEPS01N(1.0),28/02/25 23:00:00,Annual,Percentage,Total,Females,Denmark,2018,17.4,,
ESTAT:ILC_PEPS01N(1.0),28/02/25 23:00:00,Annual,Percentage,Total,Females,Denmark,2019,17.2,,
ESTAT:ILC_PEPS01N(1.0),28/02/25 23:00:00,Annual,Percentage,Total,Females,Denmark,2020,17.2,b,
ESTAT:ILC_PEPS01N(1.0),28/02/25 23:00:00,Annual,Percentage,Total,Females,Denmark,2021,18.1,,
ESTAT:ILC_PEPS01N(1.0),28/02/25 23:00:00,Annual,Percentage,Total,Females,Denmark,2022,17.5,,
ESTAT:ILC_PEPS01N(1.0),28/02/25 23:00:00,Annual,Percentage,Total,Females,Denmark,2023,18.9,,
ESTAT:ILC_PEPS01N(1.0),28/02/25 23:00:00,Annual,Percentage,Total,Females,Denmark,2024,18.2,,
ESTAT:ILC_PEPS01N(1.0),28/02/25 23:00:00,Annual,Percentage,Total,Females,"Euro area (EA11-1999, EA12-2001, EA13-2007, EA15-2008, EA16-2009, EA17-2011, EA18-2014, EA19-2015, EA20-2023)",2015,23.9,,
ESTAT:ILC_PEPS01N(1.0),28/02/25 23:00:00,Annual,Percentage,Total,Females,"Euro area (EA11-1999, EA12-2001, EA13-2007, EA15-2008, EA16-2009, EA17-2011, EA18-2014, EA19-2015, EA20-2023)",2016,23.9,,
ESTAT:ILC_PEPS01N(1.0),28/02/25 23:00:00,Annual,Percentage,Total,Females,"Euro area (EA11-1999, EA12-2001, EA13-2007, EA15-2008, EA16-2009, EA17-2011, EA18-2014, EA19-2015, EA20-2023)",2017,22.8,,
ESTAT:ILC_PEPS01N(1.0),28/02/25 23:00:00,Annual,Percentage,Total,Females,"Euro area (EA11-1999, EA12-2001, EA13-2007, EA15-2008, EA16-2009, EA17-2011, EA18-2014, EA19-2015, EA20-2023)",2018,22.4,,
ESTAT:ILC_PEPS01N(1.0),28/02/25 23:00:00,Annual,Percentage,Total,Females,"Euro area (EA11-1999, EA12-2001, EA13-2007, EA15-2008, EA16-2009, EA17-2011, EA18-2014, EA19-2015, EA20-2023)",2019,21.8,,
ESTAT:ILC_PEPS01N(1.0),28/02/25 23:00:00,Annual,Percentage,Total,Females,"Euro area (EA11-1999, EA12-2001, EA13-2007, EA15-2008, EA16-2009, EA17-2011, EA18-2014, EA19-2015, EA20-2023)",2020,22.5,b,
ESTAT:ILC_PEPS01N(1.0),28/02/25 23:00:00,Annual,Percentage,Total,Females,"Euro area (EA11-1999, EA12-2001, EA13-2007, EA15-2008, EA16-2009, EA17-2011, EA18-2014, EA19-2015, EA20-2023)",2021,22.8,,
ESTAT:ILC_PEPS01N(1.0),28/02/25 23:00:00,Annual,Percentage,Total,Females,Euro area - 18 countries (2014),2015,23.8,,
ESTAT:ILC_PEPS01N(1.0),28/02/25 23:00:00,Annual,Percentage,Total,Females,Euro area - 18 countries (2014),2016,23.8,,
ESTAT:ILC_PEPS01N(1.0),28/02/25 23:00:00,Annual,Percentage,Total,Females,Euro area - 18 countries (2014),2017,22.7,,
ESTAT:ILC_PEPS01N(1.0),28/02/25 23:00:00,Annual,Percentage,Total,Females,Euro area - 18 countries (2014),2018,22.3,,
ESTAT:ILC_PEPS01N(1.0),28/02/25 23:00:00,Annual,Percentage,Total,Females,Euro area - 18 countries (2014),2019,21.8,,
ESTAT:ILC_PEPS01N(1.0),28/02/25 23:00:00,Annual,Percentage,Total,Females,Euro area - 18 countries (2014),2020,22.4,b,
ESTAT:ILC_PEPS01N(1.0),28/02/25 23:00:00,Annual,Percentage,Total,Females,Euro area - 19 countries  (2015-2022),2015,23.9,,
ESTAT:ILC_PEPS01N(1.0),28/02/25 23:00:00,Annual,Percentage,Total,Females,Euro area - 19 countries  (2015-2022),2016,23.9,,
ESTAT:ILC_PEPS01N(1.0),28/02/25 23:00:00,Annual,Percentage,Total,Females,Euro area - 19 countries  (2015-2022),2017,22.8,,
ESTAT:ILC_PEPS01N(1.0),28/02/25 23:00:00,Annual,Percentage,Total,Females,Euro area - 19 countries  (2015-2022),2018,22.4,,
ESTAT:ILC_PEPS01N(1.0),28/02/25 23:00:00,Annual,Percentage,Total,Females,Euro area - 19 countries  (2015-2022),2019,21.8,,
ESTAT:ILC_PEPS01N(1.0),28/02/25 23:00:00,Annual,Percentage,Total,Females,Euro area - 19 countries  (2015-2022),2020,22.5,b,
ESTAT:ILC_PEPS01N(1.0),28/02/25 23:00:00,Annual,Percentage,Total,Females,Euro area - 19 countries  (2015-2022),2021,22.8,,
ESTAT:ILC_PEPS01N(1.0),28/02/25 23:00:00,Annual,Percentage,Total,Females,Euro area – 20 countries (from 2023),2015,23.9,,
ESTAT:ILC_PEPS01N(1.0),28/02/25 23:00:00,Annual,Percentage,Total,Females,Euro area – 20 countries (from 2023),2016,23.9,,
ESTAT:ILC_PEPS01N(1.0),28/02/25 23:00:00,Annual,Percentage,Total,Females,Euro area – 20 countries (from 2023),2017,22.8,,
ESTAT:ILC_PEPS01N(1.0),28/02/25 23:00:00,Annual,Percentage,Total,Females,Euro area – 20 countries (from 2023),2018,22.4,,
ESTAT:ILC_PEPS01N(1.0),28/02/25 23:00:00,Annual,Percentage,Total,Females,Euro area – 20 countries (from 2023),2019,21.8,,
ESTAT:ILC_PEPS01N(1.0),28/02/25 23:00:00,Annual,Percentage,Total,Females,Euro area – 20 countries (from 2023),2020,22.5,b,
ESTAT:ILC_PEPS01N(1.0),28/02/25 23:00:00,Annual,Percentage,Total,Females,Euro area – 20 countries (from 2023),2021,22.8,,
ESTAT:ILC_PEPS01N(1.0),28/02/25 23:00:00,Annual,Percentage,Total,Females,Euro area – 20 countries (from 2023),2022,22.9,,
ESTAT:ILC_PEPS01N(1.0),28/02/25 23:00:00,Annual,Percentage,Total,Females,Euro area – 20 countries (from 2023),2023,22.6,,
ESTAT:ILC_PEPS01N(1.0),28/02/25 23:00:00,Annual,Percentage,Total,Females,Estonia,2015,25.5,,
ESTAT:ILC_PEPS01N(1.0),28/02/25 23:00:00,Annual,Percentage,Total,Females,Estonia,2016,25.5,,
ESTAT:ILC_PEPS01N(1.0),28/02/25 23:00:00,Annual,Percentage,Total,Females,Estonia,2017,25.6,,
ESTAT:ILC_PEPS01N(1.0),28/02/25 23:00:00,Annual,Percentage,Total,Females,Estonia,2018,26.0,,
ESTAT:ILC_PEPS01N(1.0),28/02/25 23:00:00,Annual,Percentage,Total,Females,Estonia,2019,25.7,,
ESTAT:ILC_PEPS01N(1.0),28/02/25 23:00:00,Annual,Percentage,Total,Females,Estonia,2020,24.2,,
ESTAT:ILC_PEPS01N(1.0),28/02/25 23:00:00,Annual,Percentage,Total,Females,Estonia,2021,24.7,,
ESTAT:ILC_PEPS01N(1.0),28/02/25 23:00:00,Annual,Percentage,Total,Females,Estonia,2022,27.0,,
ESTAT:ILC_PEPS01N(1.0),28/02/25 23:00:00,Annual,Percentage,Total,Females,Estonia,2023,26.7,,
ESTAT:ILC_PEPS01N(1.0),28/02/25 23:00:00,Annual,Percentage,Total,Females,Estonia,2024,24.5,,
ESTAT:ILC_PEPS01N(1.0),28/02/25 23:00:00,Annual,Percentage,Total,Females,Greece,2015,33.1,,
ESTAT:ILC_PEPS01N(1.0),28/02/25 23:00:00,Annual,Percentage,Total,Females,Greece,2016,33.4,,
ESTAT:ILC_PEPS01N(1.0),28/02/25 23:00:00,Annual,Percentage,Total,Females,Greece,2017,32.9,,
ESTAT:ILC_PEPS01N(1.0),28/02/25 23:00:00,Annual,Percentage,Total,Females,Greece,2018,31.3,,
ESTAT:ILC_PEPS01N(1.0),28/02/25 23:00:00,Annual,Percentage,Total,Females,Greece,2019,30.1,,
ESTAT:ILC_PEPS01N(1.0),28/02/25 23:00:00,Annual,Percentage,Total,Females,Greece,2020,28.6,,
ESTAT:ILC_PEPS01N(1.0),28/02/25 23:00:00,Annual,Percentage,Total,Females,Greece,2021,29.2,,
ESTAT:ILC_PEPS01N(1.0),28/02/25 23:00:00,Annual,Percentage,Total,Females,Greece,2022,27.4,,
ESTAT:ILC_PEPS01N(1.0),28/02/25 23:00:00,Annual,Percentage,Total,Females,Greece,2023,27.3,,
ESTAT:ILC_PEPS01N(1.0),28/02/25 23:00:00,Annual,Percentage,Total,Females,Spain,2015,28.5,,
ESTAT:ILC_PEPS01N(1.0),28/02/25 23:00:00,Annual,Percentage,Total,Females,Spain,2016,28.9,,
ESTAT:ILC_PEPS01N(1.0),28/02/25 23:00:00,Annual,Percentage,Total,Females,Spain,2017,28.3,,
ESTAT:ILC_PEPS01N(1.0),28/02/25 23:00:00,Annual,Percentage,Total,Females,Spain,2018,28.4,,
ESTAT:ILC_PEPS01N(1.0),28/02/25 23:00:00,Annual,Percentage,Total,Females,Spain,2019,27.1,,
ESTAT:ILC_PEPS01N(1.0),28/02/25 23:00:00,Annual,Percentage,Total,Females,Spain,2020,28.0,,
ESTAT:ILC_PEPS01N(1.0),28/02/25 23:00:00,Annual,Percentage,Total,Females,Spain,2021,28.9,,
ESTAT:ILC_PEPS01N(1.0),28/02/25 23:00:00,Annual,Percentage,Total,Females,Spain,2022,27.2,,
ESTAT:ILC_PEPS01N(1.0),28/02/25 23:00:00,Annual,Percentage,Total,Females,Spain,2023,27.5,,
ESTAT:ILC_PEPS01N(1.0),28/02/25 23:00:00,Annual,Percentage,Total,Females,Spain,2024,26.8,,
ESTAT:ILC_PEPS01N(1.0),28/02/25 23:00:00,Annual,Percentage,Total,Females,"European Union (EU6-1958, EU9-1973, EU10-1981, EU12-1986, EU15-1995, EU25-2004, EU27-2007, EU28-2013, EU27-2020)",2015,24.8,,
ESTAT:ILC_PEPS01N(1.0),28/02/25 23:00:00,Annual,Percentage,Total,Females,"European Union (EU6-1958, EU9-1973, EU10-1981, EU12-1986, EU15-1995, EU25-2004, EU27-2007, EU28-2013, EU27-2020)",2016,24.5,,
ESTAT:ILC_PEPS01N(1.0),28/02/25 23:00:00,Annual,Percentage,Total,Females,"European Union (EU6-1958, EU9-1973, EU10-1981, EU12-1986, EU15-1995, EU25-2004, EU27-2007, EU28-2013, EU27-2020)",2017,23.3,,
ESTAT:ILC_PEPS01N(1.0),28/02/25 23:00:00,Annual,Percentage,Total,Females,"European Union (EU6-1958, EU9-1973, EU10-1981, EU12-1986, EU15-1995, EU25-2004, EU27-2007, EU28-2013, EU27-2020)",2018,22.9,,
ESTAT:ILC_PEPS01N(1.0),28/02/25 23:00:00,Annual,Percentage,Total,Females,"European Union (EU6-1958, EU9-1973, EU10-1981, EU12-1986, EU15-1995, EU25-2004, EU27-2007, EU28-2013, EU27-2020)",2019,22.1,,
ESTAT:ILC_PEPS01N(1.0),28/02/25 23:00:00,Annual,Percentage,Total,Females,European Union - 27 countries (2007-2013),2019,22.4,e,
ESTAT:ILC_PEPS01N(1.0),28/02/25 23:00:00,Annual,Percentage,Total,Females,European Union - 27 countries (from 2020),2015,24.9,,
ESTAT:ILC_PEPS01N(1.0),28/02/25 23:00:00,Annual,Percentage,Total,Females,European Union - 27 countries (from 2020),2016,24.7,,
ESTAT:ILC_PEPS01N(1.0),28/02/25 23:00:00,Annual,Percentage,Total,Females,European Union - 27 countries (from 2020),2017,23.4,,
ESTAT:ILC_PEPS01N(1.0),28/02/25 23:00:00,Annual,Percentage,Total,Females,European Union - 27 countries (from 2020),2018,22.7,,
ESTAT:ILC_PEPS01N(1.0),28/02/25 23:00:00,Annual,Percentage,Total,Females,European Union - 27 countries (from 2020),2019,22.1,,
ESTAT:ILC_PEPS01N(1.0),28/02/25 23:00:00,Annual,Percentage,Total,Females,European Union - 27 countries (from 2020),2020,22.5,b,
ESTAT:ILC_PEPS01N(1.0),28/02/25 23:00:00,Annual,Percentage,Total,Females,European Union - 27 countries (from 2020),2021,22.6,,
ESTAT:ILC_PEPS01N(1.0),28/02/25 23:00:00,Annual,Percentage,Total,Females,European Union - 27 countries (from 2020),2022,22.7,,
ESTAT:ILC_PEPS01N(1.0),28/02/25 23:00:00,Annual,Percentage,Total,Females,European Union - 27 countries (from 2020),2023,22.3,,
ESTAT:ILC_PEPS01N(1.0),28/02/25 23:00:00,Annual,Percentage,Total,Females,European Union - 28 countries (2013-2020),2015,24.8,,
ESTAT:ILC_PEPS01N(1.0),28/02/25 23:00:00,Annual,Percentage,Total,Females,European Union - 28 countries (2013-2020),2016,24.5,,
ESTAT:ILC_PEPS01N(1.0),28/02/25 23:00:00,Annual,Percentage,Total,Females,European Union - 28 countries (2013-2020),2017,23.3,,
ESTAT:ILC_PEPS01N(1.0),28/02/25 23:00:00,Annual,Percentage,Total,Females,European Union - 28 countries (2013-2020),2018,22.9,,
ESTAT:ILC_PEPS01N(1.0),28/02/25 23:00:00,Annual,Percentage,Total,Females,European Union - 28 countries (2013-2020),2019,22.1,,
ESTAT:ILC_PEPS01N(1.0),28/02/25 23:00:00,Annual,Percentage,Total,Females,Finland,2015,16.9,,
ESTAT:ILC_PEPS01N(1.0),28/02/25 23:00:00,Annual,Percentage,Total,Females,Finland,2016,16.5,,
ESTAT:ILC_PEPS01N(1.0),28/02/25 23:00:00,Annual,Percentage,Total,Females,Finland,2017,16.1,,
ESTAT:ILC_PEPS01N(1.0),28/02/25 23:00:00,Annual,Percentage,Total,Females,Finland,2018,16.9,,
ESTAT:ILC_PEPS01N(1.0),28/02/25 23:00:00,Annual,Percentage,Total,Females,Finland,2019,14.8,b,
ESTAT:ILC_PEPS01N(1.0),28/02/25 23:00:00,Annual,Percentage,Total,Females,Finland,2020,14.7,,
ESTAT:ILC_PEPS01N(1.0),28/02/25 23:00:00,Annual,Percentage,Total,Females,Finland,2021,14.0,,
ESTAT:ILC_PEPS01N(1.0),28/02/25 23:00:00,Annual,Percentage,Total,Females,Finland,2022,17.1,b,
ESTAT:ILC_PEPS01N(1.0),28/02/25 23:00:00,Annual,Percentage,Total,Females,Finland,2023,16.4,,
ESTAT:ILC_PEPS01N(1.0),28/02/25 23:00:00,Annual,Percentage,Total,Females,France,2015,19.6,,
ESTAT:ILC_PEPS01N(1.0),28/02/25 23:00:00,Annual,Percentage,Total,Females,France,2016,19.9,,
ESTAT:ILC_PEPS01N(1.0),28/02/25 23:00:00,Annual,Percentage,Total,Females,France,2017,18.8,,
ESTAT:ILC_PEPS01N(1.0),28/02/25 23:00:00,Annual,Percentage,Total,Females,France,2018,18.6,,
ESTAT:ILC_PEPS01N(1.0),28/02/25 23:00:00,Annual,Percentage,Total,Females,France,2019,19.8,,
ESTAT:ILC_PEPS01N(1.0),28/02/25 23:00:00,Annual,Percentage,Total,Females,France,2020,19.9,b,
ESTAT:ILC_PEPS01N(1.0),28/02/25 23:00:00,Annual,Percentage,Total,Females,France,2021,20.0,,
ESTAT:ILC_PEPS01N(1.0),28/02/25 23:00:00,Annual,Percentage,Total,Females,France,2022,21.8,b,
ESTAT:ILC_PEPS01N(1.0),28/02/25 23:00:00,Annual,Percentage,Total,Females,France,2023,21.5,,
ESTAT:ILC_PEPS01N(1.0),28/02/25 23:00:00,Annual,Percentage,Total,Females,Croatia,2015,25.2,,
ESTAT:ILC_PEPS01N(1.0),28/02/25 23:00:00,Annual,Percentage,Total,Females,Croatia,2016,24.6,,
ESTAT:ILC_PEPS01N(1.0),28/02/25 23:00:00,Annual,Percentage,Total,Females,Croatia,2017,24.8,,
ESTAT:ILC_PEPS01N(1.0),28/02/25 23:00:00,Annual,Percentage,Total,Females,Croatia,2018,23.4,,
ESTAT:ILC_PEPS01N(1.0),28/02/25 23:00:00,Annual,Percentage,Total,Females,Croatia,2019,22.0,,
ESTAT:ILC_PEPS01N(1.0),28/02/25 23:00:00,Annual,Percentage,Total,Females,Croatia,2020,21.9,,
ESTAT:ILC_PEPS01N(1.0),28/02/25 23:00:00,Annual,Percentage,Total,Females,Croatia,2021,23.0,,
ESTAT:ILC_PEPS01N(1.0),28/02/25 23:00:00,Annual,Percentage,Total,Females,Croatia,2022,21.9,,
ESTAT:ILC_PEPS01N(1.0),28/02/25 23:00:00,Annual,Percentage,Total,Females,Croatia,2023,22.7,b,
ESTAT:ILC_PEPS01N(1.0),28/02/25 23:00:00,Annual,Percentage,Total,Females,Hungary,2015,31.2,,
ESTAT:ILC_PEPS01N(1.0),28/02/25 23:00:00,Annual,Percentage,Total,Females,Hungary,2016,29.4,,
ESTAT:ILC_PEPS01N(1.0),28/02/25 23:00:00,Annual,Percentage,Total,Females,Hungary,2017,26.5,,
ESTAT:ILC_PEPS01N(1.0),28/02/25 23:00:00,Annual,Percentage,Total,Females,Hungary,2018,21.1,,
ESTAT:ILC_PEPS01N(1.0),28/02/25 23:00:00,Annual,Percentage,Total,Females,Hungary,2019,20.8,,
ESTAT:ILC_PEPS01N(1.0),28/02/25 23:00:00,Annual,Percentage,Total,Females,Hungary,2020,19.4,,
ESTAT:ILC_PEPS01N(1.0),28/02/25 23:00:00,Annual,Percentage,Total,Females,Hungary,2021,20.1,,
ESTAT:ILC_PEPS01N(1.0),28/02/25 23:00:00,Annual,Percentage,Total,Females,Hungary,2022,19.2,,
ESTAT:ILC_PEPS01N(1.0),28/02/25 23:00:00,Annual,Percentage,Total,Females,Hungary,2023,20.6,,
ESTAT:ILC_PEPS01N(1.0),28/02/25 23:00:00,Annual,Percentage,Total,Females,Ireland,2015,26.1,,
ESTAT:ILC_PEPS01N(1.0),28/02/25 23:00:00,Annual,Percentage,Total,Females,Ireland,2016,25.0,,
ESTAT:ILC_PEPS01N(1.0),28/02/25 23:00:00,Annual,Percentage,Total,Females,Ireland,2017,23.7,,
ESTAT:ILC_PEPS01N(1.0),28/02/25 23:00:00,Annual,Percentage,Total,Females,Ireland,2018,22.7,,
ESTAT:ILC_PEPS01N(1.0),28/02/25 23:00:00,Annual,Percentage,Total,Females,Ireland,2019,20.7,b,
ESTAT:ILC_PEPS01N(1.0),28/02/25 23:00:00,Annual,Percentage,Total,Females,Ireland,2020,20.5,b,
ESTAT:ILC_PEPS01N(1.0),28/02/25 23:00:00,Annual,Percentage,Total,Females,Ireland,2021,20.7,,
ESTAT:ILC_PEPS01N(1.0),28/02/25 23:00:00,Annual,Percentage,Total,Females,Ireland,2022,20.9,,
ESTAT:ILC_PEPS01N(1.0),28/02/25 23:00:00,Annual,Percentage,Total,Females,Ireland,2023,20.2,,
ESTAT:ILC_PEPS01N(1.0),28/02/25 23:00:00,Annual,Percentage,Total,Females,Iceland,2015,13.2,,
ESTAT:ILC_PEPS01N(1.0),28/02/25 23:00:00,Annual,Percentage,Total,Females,Iceland,2016,12.3,,
ESTAT:ILC_PEPS01N(1.0),28/02/25 23:00:00,Annual,Percentage,Total,Females,Iceland,2017,13.5,,
ESTAT:ILC_PEPS01N(1.0),28/02/25 23:00:00,Annual,Percentage,Total,Females,Iceland,2018,11.8,,
ESTAT:ILC_PEPS01N(1.0),28/02/25 23:00:00,Annual,Percentage,Total,Females,Iceland,2019,11.7,,
ESTAT:ILC_PEPS01N(1.0),28/02/25 23:00:00,Annual,Percentage,Total,Females,Iceland,2020,12.6,,
ESTAT:ILC_PEPS01N(1.0),28/02/25 23:00:00,Annual,Percentage,Total,Females,Italy,2015,29.5,,
ESTAT:ILC_PEPS01N(1.0),28/02/25 23:00:00,Annual,Percentage,Total,Females,Italy,2016,28.8,,
ESTAT:ILC_PEPS01N(1.0),28/02/25 23:00:00,Annual,Percentage,Total,Females,Italy,2017,26.9,,
ESTAT:ILC_PEPS01N(1.0),28/02/25 23:00:00,Annual,Percentage,Total,Females,Italy,2018,26.7,,
ESTAT:ILC_PEPS01N(1.0),28/02/25 23:00:00,Annual,Percentage,Total,Females,Italy,2019,25.8,,
ESTAT:ILC_PEPS01N(1.0),28/02/25 23:00:00,Annual,Percentage,Total,Females,Italy,2020,26.2,,
ESTAT:ILC_PEPS01N(1.0),28/02/25 23:00:00,Annual,Percentage,Total,Females,Italy,2021,25.8,,
ESTAT:ILC_PEPS01N(1.0),28/02/25 23:00:00,Annual,Percentage,Total,Females,Italy,2022,26.2,,
ESTAT:ILC_PEPS01N(1.0),28/02/25 23:00:00,Annual,Percentage,Total,Females,Italy,2023,24.1,,
ESTAT:ILC_PEPS01N(1.0),28/02/25 23:00:00,Annual,Percentage,Total,Females,Lithuania,2015,30.2,,
ESTAT:ILC_PEPS01N(1.0),28/02/25 23:00:00,Annual,Percentage,Total,Females,Lithuania,2016,31.7,,
ESTAT:ILC_PEPS01N(1.0),28/02/25 23:00:00,Annual,Percentage,Total,Females,Lithuania,2017,31.7,,
ESTAT:ILC_PEPS01N(1.0),28/02/25 23:00:00,Annual,Percentage,Total,Females,Lithuania,2018,31.0,,
ESTAT:ILC_PEPS01N(1.0),28/02/25 23:00:00,Annual,Percentage,Total,Females,Lithuania,2019,27.8,,
ESTAT:ILC_PEPS01N(1.0),28/02/25 23:00:00,Annual,Percentage,Total,Females,Lithuania,2020,26.7,,
ESTAT:ILC_PEPS01N(1.0),28/02/25 23:00:00,Annual,Percentage,Total,Females,Lithuania,2021,26.2,,
ESTAT:ILC_PEPS01N(1.0),28/02/25 23:00:00,Annual,Percentage,Total,Females,Lithuania,2022,27.5,,
ESTAT:ILC_PEPS01N(1.0),28/02/25 23:00:00,Annual,Percentage,Total,Females,Lithuania,2023,26.3,,
ESTAT:ILC_PEPS01N(1.0),28/02/25 23:00:00,Annual,Percentage,Total,Females,Luxembourg,2015,19.6,,
ESTAT:ILC_PEPS01N(1.0),28/02/25 23:00:00,Annual,Percentage,Total,Females,Luxembourg,2016,20.2,b,
ESTAT:ILC_PEPS01N(1.0),28/02/25 23:00:00,Annual,Percentage,Total,Females,Luxembourg,2017,20.9,,
ESTAT:ILC_PEPS01N(1.0),28/02/25 23:00:00,Annual,Percentage,Total,Females,Luxembourg,2018,21.9,,
ESTAT:ILC_PEPS01N(1.0),28/02/25 23:00:00,Annual,Percentage,Total,Females,Luxembourg,2019,21.3,,
ESTAT:ILC_PEPS01N(1.0),28/02/25 23:00:00,Annual,Percentage,Total,Females,Luxembourg,2020,20.7,b,
ESTAT:ILC_PEPS01N(1.0),28/02/25 23:00:00,Annual,Percentage,Total,Females,Luxembourg,2021,21.7,b,
ESTAT:ILC_PEPS01N(1.0),28/02/25 23:00:00,Annual,Percentage,Total,Females,Luxembourg,2022,21.1,b,
ESTAT:ILC_PEPS01N(1.0),28/02/25 23:00:00,Annual,Percentage,Total,Females,Luxembourg,2023,23.0,,
ESTAT:ILC_PEPS01N(1.0),28/02/25 23:00:00,Annual,Percentage,Total,Females,Latvia,2015,32.5,,
ESTAT:ILC_PEPS01N(1.0),28/02/25 23:00:00,Annual,Percentage,Total,Females,Latvia,2016,30.3,,
ESTAT:ILC_PEPS01N(1.0),28/02/25 23:00:00,Annual,Percentage,Total,Females,Latvia,2017,31.4,,
ESTAT:ILC_PEPS01N(1.0),28/02/25 23:00:00,Annual,Percentage,Total,Females,Latvia,2018,31.0,,
ESTAT:ILC_PEPS01N(1.0),28/02/25 23:00:00,Annual,Percentage,Total,Females,Latvia,2019,29.1,,
ESTAT:ILC_PEPS01N(1.0),28/02/25 23:00:00,Annual,Percentage,Total,Females,Latvia,2020,27.6,,
ESTAT:ILC_PEPS01N(1.0),28/02/25 23:00:00,Annual,Percentage,Total,Females,Latvia,2021,29.2,,
ESTAT:ILC_PEPS01N(1.0),28/02/25 23:00:00,Annual,Percentage,Total,Females,Latvia,2022,28.8,,
ESTAT:ILC_PEPS01N(1.0),28/02/25 23:00:00,Annual,Percentage,Total,Females,Latvia,2023,28.5,,
ESTAT:ILC_PEPS01N(1.0),28/02/25 23:00:00,Annual,Percentage,Total,Females,Latvia,2024,26.3,,
ESTAT:ILC_PEPS01N(1.0),28/02/25 23:00:00,Annual,Percentage,Total,Females,Montenegro,2015,44.9,,
ESTAT:ILC_PEPS01N(1.0),28/02/25 23:00:00,Annual,Percentage,Total,Females,Montenegro,2016,43.4,,
ESTAT:ILC_PEPS01N(1.0),28/02/25 23:00:00,Annual,Percentage,Total,Females,Montenegro,2017,42.2,,
ESTAT:ILC_PEPS01N(1.0),28/02/25 23:00:00,Annual,Percentage,Total,Females,Montenegro,2018,42.1,,
ESTAT:ILC_PEPS01N(1.0),28/02/25 23:00:00,Annual,Percentage,Total,Females,Montenegro,2019,37.2,,
ESTAT:ILC_PEPS01N(1.0),28/02/25 23:00:00,Annual,Percentage,Total,Females,Montenegro,2020,38.4,,
ESTAT:ILC_PEPS01N(1.0),28/02/25 23:00:00,Annual,Percentage,Total,Females,Montenegro,2021,39.7,,
ESTAT:ILC_PEPS01N(1.0),28/02/25 23:00:00,Annual,Percentage,Total,Females,Montenegro,2022,35.0,,
ESTAT:ILC_PEPS01N(1.0),28/02/25 23:00:00,Annual,Percentage,Total,Females,North Macedonia,2015,42.1,,
ESTAT:ILC_PEPS01N(1.0),28/02/25 23:00:00,Annual,Percentage,Total,Females,North Macedonia,2016,39.2,,
ESTAT:ILC_PEPS01N(1.0),28/02/25 23:00:00,Annual,Percentage,Total,Females,North Macedonia,2017,37.4,,
ESTAT:ILC_PEPS01N(1.0),28/02/25 23:00:00,Annual,Percentage,Total,Females,North Macedonia,2018,35.6,,
ESTAT:ILC_PEPS01N(1.0),28/02/25 23:00:00,Annual,Percentage,Total,Females,North Macedonia,2019,34.9,,
ESTAT:ILC_PEPS01N(1.0),28/02/25 23:00:00,Annual,Percentage,Total,Females,North Macedonia,2020,32.7,,
ESTAT:ILC_PEPS01N(1.0),28/02/25 23:00:00,Annual,Percentage,Total,Females,Malta,2015,23.2,,
ESTAT:ILC_PEPS01N(1.0),28/02/25 23:00:00,Annual,Percentage,Total,Females,Malta,2016,20.7,,
ESTAT:ILC_PEPS01N(1.0),28/02/25 23:00:00,Annual,Percentage,Total,Females,Malta,2017,20.3,,
ESTAT:ILC_PEPS01N(1.0),28/02/25 23:00:00,Annual,Percentage,Total,Females,Malta,2018,21.1,,
ESTAT:ILC_PEPS01N(1.0),28/02/25 23:00:00,Annual,Percentage,Total,Females,Malta,2019,22.6,,
ESTAT:ILC_PEPS01N(1.0),28/02/25 23:00:00,Annual,Percentage,Total,Females,Malta,2020,21.8,,
ESTAT:ILC_PEPS01N(1.0),28/02/25 23:00:00,Annual,Percentage,Total,Females,Malta,2021,21.9,,
ESTAT:ILC_PEPS01N(1.0),28/02/25 23:00:00,Annual,Percentage,Total,Females,Malta,2022,21.3,,
ESTAT:ILC_PEPS01N(1.0),28/02/25 23:00:00,Annual,Percentage,Total,Females,Malta,2023,21.1,,
ESTAT:ILC_PEPS01N(1.0),28/02/25 23:00:00,Annual,Percentage,Total,Females,Netherlands,2015,16.8,,
ESTAT:ILC_PEPS01N(1.0),28/02/25 23:00:00,Annual,Percentage,Total,Females,Netherlands,2016,16.9,b,
ESTAT:ILC_PEPS01N(1.0),28/02/25 23:00:00,Annual,Percentage,Total,Females,Netherlands,2017,17.0,,
ESTAT:ILC_PEPS01N(1.0),28/02/25 23:00:00,Annual,Percentage,Total,Females,Netherlands,2018,16.9,,
ESTAT:ILC_PEPS01N(1.0),28/02/25 23:00:00,Annual,Percentage,Total,Females,Netherlands,2019,16.9,,
ESTAT:ILC_PEPS01N(1.0),28/02/25 23:00:00,Annual,Percentage,Total,Females,Netherlands,2020,16.4,,
ESTAT:ILC_PEPS01N(1.0),28/02/25 23:00:00,Annual,Percentage,Total,Females,Netherlands,2021,16.8,,
ESTAT:ILC_PEPS01N(1.0),28/02/25 23:00:00,Annual,Percentage,Total,Females,Netherlands,2022,17.2,,
ESTAT:ILC_PEPS01N(1.0),28/02/25 23:00:00,Annual,Percentage,Total,Females,Netherlands,2023,16.0,,
ESTAT:ILC_PEPS01N(1.0),28/02/25 23:00:00,Annual,Percentage,Total,Females,Norway,2015,16.2,,
ESTAT:ILC_PEPS01N(1.0),28/02/25 23:00:00,Annual,Percentage,Total,Females,Norway,2016,16.1,,
ESTAT:ILC_PEPS01N(1.0),28/02/25 23:00:00,Annual,Percentage,Total,Females,Norway,2017,16.2,,
ESTAT:ILC_PEPS01N(1.0),28/02/25 23:00:00,Annual,Percentage,Total,Females,Norway,2018,16.4,,
ESTAT:ILC_PEPS01N(1.0),28/02/25 23:00:00,Annual,Percentage,Total,Females,Norway,2019,16.3,,
ESTAT:ILC_PEPS01N(1.0),28/02/25 23:00:00,Annual,Percentage,Total,Females,Norway,2020,17.5,,
ESTAT:ILC_PEPS01N(1.0),28/02/25 23:00:00,Annual,Percentage,Total,Females,Norway,2021,18.0,b,
ESTAT:ILC_PEPS01N(1.0),28/02/25 23:00:00,Annual,Percentage,Total,Females,Norway,2022,17.8,,
ESTAT:ILC_PEPS01N(1.0),28/02/25 23:00:00,Annual,Percentage,Total,Females,Norway,2023,16.6,b,
ESTAT:ILC_PEPS01N(1.0),28/02/25 23:00:00,Annual,Percentage,Total,Females,Poland,2015,22.5,,
ESTAT:ILC_PEPS01N(1.0),28/02/25 23:00:00,Annual,Percentage,Total,Females,Poland,2016,21.1,,
ESTAT:ILC_PEPS01N(1.0),28/02/25 23:00:00,Annual,Percentage,Total,Females,Poland,2017,18.9,,
ESTAT:ILC_PEPS01N(1.0),28/02/25 23:00:00,Annual,Percentage,Total,Females,Poland,2018,18.8,,
ESTAT:ILC_PEPS01N(1.0),28/02/25 23:00:00,Annual,Percentage,Total,Females,Poland,2019,18.5,,
ESTAT:ILC_PEPS01N(1.0),28/02/25 23:00:00,Annual,Percentage,Total,Females,Poland,2020,17.9,,
ESTAT:ILC_PEPS01N(1.0),28/02/25 23:00:00,Annual,Percentage,Total,Females,Poland,2021,17.6,,
ESTAT:ILC_PEPS01N(1.0),28/02/25 23:00:00,Annual,Percentage,Total,Females,Poland,2022,16.6,,
ESTAT:ILC_PEPS01N(1.0),28/02/25 23:00:00,Annual,Percentage,Total,Females,Poland,2023,17.0,,
ESTAT:ILC_PEPS01N(1.0),28/02/25 23:00:00,Annual,Percentage,Total,Females,Portugal,2015,27.7,,
ESTAT:ILC_PEPS01N(1.0),28/02/25 23:00:00,Annual,Percentage,Total,Females,Portugal,2016,26.2,,
ESTAT:ILC_PEPS01N(1.0),28/02/25 23:00:00,Annual,Percentage,Total,Females,Portugal,2017,24.4,,
ESTAT:ILC_PEPS01N(1.0),28/02/25 23:00:00,Annual,Percentage,Total,Females,Portugal,2018,22.8,,
ESTAT:ILC_PEPS01N(1.0),28/02/25 23:00:00,Annual,Percentage,Total,Females,Portugal,2019,22.2,,
ESTAT:ILC_PEPS01N(1.0),28/02/25 23:00:00,Annual,Percentage,Total,Females,Portugal,2020,20.9,,
ESTAT:ILC_PEPS01N(1.0),28/02/25 23:00:00,Annual,Percentage,Total,Females,Portugal,2021,23.5,,
ESTAT:ILC_PEPS01N(1.0),28/02/25 23:00:00,Annual,Percentage,Total,Females,Portugal,2022,20.7,,
ESTAT:ILC_PEPS01N(1.0),28/02/25 23:00:00,Annual,Percentage,Total,Females,Portugal,2023,20.9,,
ESTAT:ILC_PEPS01N(1.0),28/02/25 23:00:00,Annual,Percentage,Total,Females,Romania,2015,45.4,,
ESTAT:ILC_PEPS01N(1.0),28/02/25 23:00:00,Annual,Percentage,Total,Females,Romania,2016,47.6,,
ESTAT:ILC_PEPS01N(1.0),28/02/25 23:00:00,Annual,Percentage,Total,Females,Romania,2017,44.2,,
ESTAT:ILC_PEPS01N(1.0),28/02/25 23:00:00,Annual,Percentage,Total,Females,Romania,2018,40.3,,
ESTAT:ILC_PEPS01N(1.0),28/02/25 23:00:00,Annual,Percentage,Total,Females,Romania,2019,37.6,,
ESTAT:ILC_PEPS01N(1.0),28/02/25 23:00:00,Annual,Percentage,Total,Females,Romania,2020,37.5,,
ESTAT:ILC_PEPS01N(1.0),28/02/25 23:00:00,Annual,Percentage,Total,Females,Romania,2021,36.1,,
ESTAT:ILC_PEPS01N(1.0),28/02/25 23:00:00,Annual,Percentage,Total,Females,Romania,2022,35.9,,
ESTAT:ILC_PEPS01N(1.0),28/02/25 23:00:00,Annual,Percentage,Total,Females,Romania,2023,33.1,,
ESTAT:ILC_PEPS01N(1.0),28/02/25 23:00:00,Annual,Percentage,Total,Females,Serbia,2015,40.6,,
ESTAT:ILC_PEPS01N(1.0),28/02/25 23:00:00,Annual,Percentage,Total,Females,Serbia,2016,29.1,,
ESTAT:ILC_PEPS01N(1.0),28/02/25 23:00:00,Annual,Percentage,Total,Females,Serbia,2017,40.1,,
ESTAT:ILC_PEPS01N(1.0),28/02/25 23:00:00,Annual,Percentage,Total,Females,Serbia,2018,34.1,,
ESTAT:ILC_PEPS01N(1.0),28/02/25 23:00:00,Annual,Percentage,Total,Females,Serbia,2019,32.1,,
ESTAT:ILC_PEPS01N(1.0),28/02/25 23:00:00,Annual,Percentage,Total,Females,Serbia,2020,30.7,,
ESTAT:ILC_PEPS01N(1.0),28/02/25 23:00:00,Annual,Percentage,Total,Females,Serbia,2021,29.6,,
ESTAT:ILC_PEPS01N(1.0),28/02/25 23:00:00,Annual,Percentage,Total,Females,Serbia,2022,29.5,,
ESTAT:ILC_PEPS01N(1.0),28/02/25 23:00:00,Annual,Percentage,Total,Females,Sweden,2015,19.5,,
ESTAT:ILC_PEPS01N(1.0),28/02/25 23:00:00,Annual,Percentage,Total,Females,Sweden,2016,18.9,,
ESTAT:ILC_PEPS01N(1.0),28/02/25 23:00:00,Annual,Percentage,Total,Females,Sweden,2017,17.7,,
ESTAT:ILC_PEPS01N(1.0),28/02/25 23:00:00,Annual,Percentage,Total,Females,Sweden,2018,19.0,,
ESTAT:ILC_PEPS01N(1.0),28/02/25 23:00:00,Annual,Percentage,Total,Females,Sweden,2019,19.1,,
ESTAT:ILC_PEPS01N(1.0),28/02/25 23:00:00,Annual,Percentage,Total,Females,Sweden,2020,18.8,,
ESTAT:ILC_PEPS01N(1.0),28/02/25 23:00:00,Annual,Percentage,Total,Females,Sweden,2021,18.2,,
ESTAT:ILC_PEPS01N(1.0),28/02/25 23:00:00,Annual,Percentage,Total,Females,Sweden,2022,19.6,,
ESTAT:ILC_PEPS01N(1.0),28/02/25 23:00:00,Annual,Percentage,Total,Females,Sweden,2023,19.3,,
ESTAT:ILC_PEPS01N(1.0),28/02/25 23:00:00,Annual,Percentage,Total,Females,Slovenia,2015,18.9,,
ESTAT:ILC_PEPS01N(1.0),28/02/25 23:00:00,Annual,Percentage,Total,Females,Slovenia,2016,18.2,,
ESTAT:ILC_PEPS01N(1.0),28/02/25 23:00:00,Annual,Percentage,Total,Females,Slovenia,2017,17.8,,
ESTAT:ILC_PEPS01N(1.0),28/02/25 23:00:00,Annual,Percentage,Total,Females,Slovenia,2018,16.3,,
ESTAT:ILC_PEPS01N(1.0),28/02/25 23:00:00,Annual,Percentage,Total,Females,Slovenia,2019,14.8,,
ESTAT:ILC_PEPS01N(1.0),28/02/25 23:00:00,Annual,Percentage,Total,Females,Slovenia,2020,15.2,,
ESTAT:ILC_PEPS01N(1.0),28/02/25 23:00:00,Annual,Percentage,Total,Females,Slovenia,2021,14.0,,
ESTAT:ILC_PEPS01N(1.0),28/02/25 23:00:00,Annual,Percentage,Total,Females,Slovenia,2022,13.9,,
ESTAT:ILC_PEPS01N(1.0),28/02/25 23:00:00,Annual,Percentage,Total,Females,Slovenia,2023,14.2,,
ESTAT:ILC_PEPS01N(1.0),28/02/25 23:00:00,Annual,Percentage,Total,Females,Slovakia,2015,17.5,,
ESTAT:ILC_PEPS01N(1.0),28/02/25 23:00:00,Annual,Percentage,Total,Females,Slovakia,2016,17.2,,
ESTAT:ILC_PEPS01N(1.0),28/02/25 23:00:00,Annual,Percentage,Total,Females,Slovakia,2017,15.8,,
ESTAT:ILC_PEPS01N(1.0),28/02/25 23:00:00,Annual,Percentage,Total,Females,Slovakia,2018,15.3,,
ESTAT:ILC_PEPS01N(1.0),28/02/25 23:00:00,Annual,Percentage,Total,Females,Slovakia,2019,15.5,,
ESTAT:ILC_PEPS01N(1.0),28/02/25 23:00:00,Annual,Percentage,Total,Females,Slovakia,2020,14.2,,
ESTAT:ILC_PEPS01N(1.0),28/02/25 23:00:00,Annual,Percentage,Total,Females,Slovakia,2021,16.2,,
ESTAT:ILC_PEPS01N(1.0),28/02/25 23:00:00,Annual,Percentage,Total,Females,Slovakia,2022,17.0,,
ESTAT:ILC_PEPS01N(1.0),28/02/25 23:00:00,Annual,Percentage,Total,Females,Slovakia,2023,17.2,,
ESTAT:ILC_PEPS01N(1.0),28/02/25 23:00:00,Annual,Percentage,Total,Females,Türkiye,2015,28.5,,
ESTAT:ILC_PEPS01N(1.0),28/02/25 23:00:00,Annual,Percentage,Total,Females,Türkiye,2016,28.6,,
ESTAT:ILC_PEPS01N(1.0),28/02/25 23:00:00,Annual,Percentage,Total,Females,Türkiye,2017,34.3,,
ESTAT:ILC_PEPS01N(1.0),28/02/25 23:00:00,Annual,Percentage,Total,Females,Türkiye,2018,34.5,,
ESTAT:ILC_PEPS01N(1.0),28/02/25 23:00:00,Annual,Percentage,Total,Females,Türkiye,2019,34.9,,
ESTAT:ILC_PEPS01N(1.0),28/02/25 23:00:00,Annual,Percentage,Total,Females,Türkiye,2020,36.1,,
ESTAT:ILC_PEPS01N(1.0),28/02/25 23:00:00,Annual,Percentage,Total,Females,Türkiye,2021,36.0,,
ESTAT:ILC_PEPS01N(1.0),28/02/25 23:00:00,Annual,Percentage,Total,Females,Türkiye,2022,34.9,,
ESTAT:ILC_PEPS01N(1.0),28/02/25 23:00:00,Annual,Percentage,Total,Females,Türkiye,2023,32.8,,
ESTAT:ILC_PEPS01N(1.0),28/02/25 23:00:00,Annual,Percentage,Total,Females,United Kingdom,2015,23.9,,
ESTAT:ILC_PEPS01N(1.0),28/02/25 23:00:00,Annual,Percentage,Total,Females,United Kingdom,2016,23.0,,
ESTAT:ILC_PEPS01N(1.0),28/02/25 23:00:00,Annual,Percentage,Total,Females,United Kingdom,2017,22.7,b,
ESTAT:ILC_PEPS01N(1.0),28/02/25 23:00:00,Annual,Percentage,Total,Females,United Kingdom,2018,24.0,,
